URI problem type	Thurayya URI	Author YML
R_O_W	BAKHARZ_603E350N_R	0467IbnHasanBakharzi.yml
R_O_W	BAYHAQ_576E360N_R	0320IbnMuhammadBayhaqi.yml
R_O_W	BAYHAQ_576E360N_R	0458Bayhaqi.yml
R_O_W	BAYHAQ_576E360N_R	0571IbnCasakir.yml
R_O_W	BUKHARA_644E398N_R	0380AbuBakrKalabadhi.yml
R_O_W	BUKHARA_644E398N_R	0398AbuNasrKalabadhi.yml
R_O_W	BUKHARA_644E398N_R	0428IbnSina.yml
R_O_W	DAYLAMAN_505E366N_R	0428MihyarDaylami.yml
R_O_W	FARAB_682E427N_R	0339AbuNasrFarabi.yml
R_O_W	FARAB_682E427N_R	0393IbnHammadJawhari.yml
R_O_W	FARGHANA_720E403N_R	0483IbnAhmadSarakhsi.yml
R_O_W	HAWFSHARQI_315E305N_R	0926ZakariyyaAnsari.yml
R_O_W	HAWFSHARQI_315E305N_R	0974IbnHajarHaytami.yml
R_O_W	HIJAZ_390E235N_R	0161SufyanThawri.yml
R_O_W	ISBAHAN_516E326N_R	0287IbnAbiCasim.yml
R_O_W	ISBAHAN_516E326N_R	0327IbnAbiHatimRazi.yml
R_O_W	ISBAHAN_516E326N_R	0360Tabarani.yml
R_O_W	ISBAHAN_516E326N_R	0460IbnFadlIsbahani.yml
R_O_W	ISHBILIYYA_059W374N_R	0456IbnHazm.yml
R_O_W	JABALJALIL_363E348N_O	0966ShahidThani.yml
R_O_W	JABALJALIL_363E348N_O	0993MuhaqqiqArdabili.yml
R_O_W	JABALNAFUSA_113E318N_O	0750IsmacilJaytali.yml
R_O_W	JABALNAFUSA_113E318N_O	0928AbuCabbasShammakhi.yml
R_O_W	JABALQALAMUN_365E339N_O	0885BurhanDinBiqaci.yml
R_O_W	JANAD_441E136N_R	0558IbnAbiKhayrCimraniYamani.yml
R_O_W	JAZIRAKHADRA_054W361N_R	0745AbuHayyanGharnati.yml
R_O_W	JURJAN_549E373N_R	0365IbnCadiJurjani.yml
R_O_W	JURJAN_549E373N_R	0392IbnCabdCazizJurjani.yml
R_O_W	JURJAN_549E373N_R	0427Sahmi.yml
R_O_W	JURJAN_549E373N_R	0429AbuMansurThacalibi.yml
R_O_W	JURJAN_549E373N_R	0430AbuNucaymIsbahani.yml
R_O_W	JURJAN_549E373N_R	0471CabdQahirJurjani.yml
R_O_W	KHUTTAL_697E379N_R	0270IbnCabdAllahKhutali.yml
R_O_W	KHUTTAL_697E379N_R	0283IbnIbrahimKhuttali.yml
R_O_W	KHUWARIZM_599E416N_R	0383IbnCabbasKhwarizmi.yml
R_O_W	KHUWARIZM_599E416N_R	0426IbnMuhammadBarqani.yml
R_O_W	KHUWARIZM_599E416N_R	0606FakhrDinRazi.yml
R_O_W	NAFZAWA_092E336N_R	0386IbnAbiZaydQayrawani.yml
R_O_W	NASA_711E404N_R	0303Nasai.yml
R_O_W	NAYSABUR_587E361N_R	0450AbuHasanMawardi.yml
R_O_W	QANNAWJ_800E271N_R	1307Qannawji.yml
R_O_W	SHAHRAZUR_460E352N_R	0427IbnCaliShahrazuri.yml
R_O_W	SHAHRAZUR_460E352N_R	0643IbnSalahShahrazuri.yml
R_O_W	SUGHD_659E394N_R	0461IbnHusaynSughdi.yml
R_O_W	TABARISTAN_526E363N_R	0548IbnHasanTabarsi.yml
R_O_W	TABRISH_500E347N_R	0548IbnHasanTabarsi.yml
R_O_W	TIHAMA_425E175N_R	0416CaliIbnMuhammadTihami.yml
R_O_W	UMAN_564E238N_R	0170KhalilFarahidi.yml
R_O_W	UMAN_564E238N_R	0364AbuHasanBisyawi.yml
XXXYYY	AHMADABADXXXYYY	0975MuttaqiHindi.yml
XXXYYY	AQSARAYXXXYYY	0638IbnCarabi.yml
XXXYYY	AYNTABXXXYYY	0855BadrDinCayni.yml
XXXYYY	BURHANPURXXXYYY	0975MuttaqiHindi.yml
XXXYYY	BURSAXXXYYY	0873AbuZaydThacalibi.yml
XXXYYY	BURSAXXXYYY	0982IbnMuhammadAbuSucud.yml
XXXYYY	ERZURUMXXXYYY	0786IbnMuhammadBabarti.yml
XXXYYY	HILLAXXXYYY	0726CallamaHilli.yml
XXXYYY	ISTANBULXXXYYY	0626YaqutHamawi.yml
XXXYYY	ISTANBULXXXYYY	0966ShahidThani.yml
XXXYYY	ISTANBULXXXYYY	0982IbnMuhammadAbuSucud.yml
XXXYYY	JAZAIRXXXYYY	0873AbuZaydThacalibi.yml
XXXYYY	JIBZIXXXYYY	0982IbnMuhammadAbuSucud.yml
XXXYYY	MAYURQAXXXYYY	0474IbnKhalafBaji.yml
XXXYYY	QAYSXXXYYY	0626YaqutHamawi.yml
XXXYYY	QUNIYAXXXYYY	0638IbnCarabi.yml
XXXYYY	RAWANDXXXYYY	0573IbnHibatAllahQutbDinRawandi.yml
XXXYYY	RUMILIXXXYYY	0982IbnMuhammadAbuSucud.yml
XXXYYY	SAFADXXXYYY	0764Safadi.yml
XXXYYY	SIWASXXXYYY	0638IbnCarabi.yml
XXXYYY	SULTANIYYAXXXYYY	0726CallamaHilli.yml
XXXYYY	URYULAXXXYYY	0474IbnKhalafBaji.yml
XXXYYY	ZAYLAXXXYYY	0743FakhrDinZaylaci.yml
auto	Andalus_RE_Auto	0255IbnAhmadQurtubi.yml
auto	Andalus_RE_Auto	0276IbnMukhalladQurtubi.yml
auto	Andalus_RE_Auto	0286IbnWaddahQurtubi.yml
auto	Andalus_RE_Auto	0370CaribQurtubi.yml
auto	Andalus_RE_Auto	0378IbnSalihQahtani.yml
auto	Andalus_RE_Auto	0403IbnZanjala.yml
auto	Andalus_RE_Auto	0420IbnHasanTabib.yml
auto	Andalus_RE_Auto	0449IbnBattalQurtubi.yml
auto	Andalus_RE_Auto	0463IbnZaydun.yml
auto	Andalus_RE_Auto	0474IbnKhalafBaji.yml
auto	Andalus_RE_Auto	0476AclamShantamari.yml
auto	Andalus_RE_Auto	0496IbnNajahAndalusi.yml
auto	Andalus_RE_Auto	0497IbnFarajIbnTallacQurtubi.yml
auto	Andalus_RE_Auto	0498AbuCaliJayyani.yml
auto	Andalus_RE_Auto	0533IbnBajja.yml
auto	Andalus_RE_Auto	0540IbnBadhish.yml
auto	Andalus_RE_Auto	0541IbnCatiyyaAndalusi.yml
auto	Andalus_RE_Auto	0543IbnCarabiIshbili.yml
auto	Andalus_RE_Auto	0592IbnCabdRahmanLakhmiQurtubi.yml
auto	Andalus_RE_Auto	0604AbuDharrKhushani.yml
auto	Andalus_RE_Auto	0608IbnCutyaQudaciTurtushi.yml
auto	Andalus_RE_Auto	0620IbnCisaAzdiQurtubi.yml
auto	Andalus_RE_Auto	0633IbnDihyaJumayyilKalbi.yml
auto	Andalus_RE_Auto	0636IbnYusufBirzaliIshbili.yml
auto	Andalus_RE_Auto	0638IbnAhmadAndalusiHarali.yml
auto	Andalus_RE_Auto	0649IbnSahlAndalusi.yml
auto	Andalus_RE_Auto	0669IbnCusfurHadramiIshbili.yml
auto	Andalus_RE_Auto	0688IbnAhmadIshbiliUmawi.yml
auto	Andalus_RE_Auto	0741IbnAhmadGharnatiKalbi.yml
auto	Andalus_RE_Auto	0745AbuHayyanGharnati.yml
auto	Andalus_RE_Auto	0749IbnJabirWadiAshi.yml
auto	Andalus_RE_Auto	0763IbnHudhaylAndalusi.yml
auto	Andalus_RE_Auto	0779IbnYusufAndalusiGharnati.yml
auto	Andalus_RE_Auto	0790IbnMusaGharnatiShatibi.yml
auto	Andalus_RE_Auto	0829IbnCasimGharnati.yml
auto	Andalus_RE_Auto	0848IbnSarrajAndalusi.yml
auto	Andalus_RE_Auto	0860ShihabUbbadhi.yml
auto	Andalus_RE_Auto	0862IbnMuhammadMujari.yml
auto	Andalus_RE_Auto	0897IbnYusufCabdariGharnati.yml
auto	Aqur_RE_Auto	0295IbnHasanHarrani.yml
auto	Aqur_RE_Auto	0307AbuYaclaMawsili.yml
auto	Aqur_RE_Auto	0374IbnHusaynAzdi.yml
auto	Aqur_RE_Auto	0494AbuNasrIbnWadcan.yml
auto	Aqur_RE_Auto	0622IbnBadrDiyaDinMawsili.yml
auto	Aqur_RE_Auto	0666IbnCadlanMawsiliRabci.yml
auto	Aqur_RE_Auto	0683IbnMahmudMajdDinMawsili.yml
auto	Aqur_RE_Auto	0774IbnMuhammadShamsDinIbnMawsili.yml
auto	Daylam_RE_Auto	0260IbnSahlTabari.yml
auto	Daylam_RE_Auto	0335IbnQass.yml
auto	Daylam_RE_Auto	0340IbnMusaTabari.yml
auto	Daylam_RE_Auto	0371AhmadJurjani.yml
auto	Daylam_RE_Auto	0388Shabushti.yml
auto	Daylam_RE_Auto	0430MuwaffaqHusaynJurjani.yml
auto	Daylam_RE_Auto	0448SallarIbnCabdCaziz.yml
auto	Daylam_RE_Auto	0478IbnCabSamadQattan.yml
auto	Daylam_RE_Auto	0489IbnYusufJurjani.yml
auto	Daylam_RE_Auto	0499IbnHusaynJurjani.yml
auto	Daylam_RE_Auto	0504IbnMuhammadCimadDinTabari.yml
auto	Daylam_RE_Auto	0525IbnCaliTabari.yml
auto	Daylam_RE_Auto	0694MuhibbDinTabari.yml
auto	Fars_RE_Auto	0330AbuZaydSirafi.yml
auto	Fars_RE_Auto	0355BakrIbnAhmadShirazi.yml
auto	Fars_RE_Auto	0368AbuSacidSirafi.yml
auto	Fars_RE_Auto	0410IbnCumarDimashqi.yml
auto	Fars_RE_Auto	0421HasanIbnSuwar.yml
auto	Fars_RE_Auto	0428IbnCabdAllahShirazi.yml
auto	Fars_RE_Auto	0431IbnMuhammadZuzani.yml
auto	Fars_RE_Auto	0445IbnHasanZuzani.yml
auto	Fars_RE_Auto	0446IbnCaliAhwazi.yml
auto	Fars_RE_Auto	0454AbuMuhammadJawhari.yml
auto	Fars_RE_Auto	0486IbnAhmadZuzani.yml
auto	Fars_RE_Auto	0487IbnCaliShirazi.yml
auto	Fars_RE_Auto	0685NasirDinBaydawi.yml
auto	Fars_RE_Auto	1050SadrDinShirazi.yml
auto	Fars_RE_Auto	1098MuhammadTahirShiraziQummi.yml
auto	Fars_RE_Auto	1293MahdiKujuriShirazi.yml
auto	Iraq_RE_Auto	0131ZubayrHamdani.yml
auto	Iraq_RE_Auto	0145MufaddalIbnCumarJucfi.yml
auto	Iraq_RE_Auto	0146MajacaIbnZubayr.yml
auto	Iraq_RE_Auto	0156IbnAbiCuruba.yml
auto	Iraq_RE_Auto	0167SariIbnYahyaBasri.yml
auto	Iraq_RE_Auto	0170RabicIbnHabibAzdi.yml
auto	Iraq_RE_Auto	0188IbnMuhammadFazari.yml
auto	Iraq_RE_Auto	0189IbnHamzaKisai.yml
auto	Iraq_RE_Auto	0195IbnFudaylDabbi.yml
auto	Iraq_RE_Auto	0195MuarrijSadusi.yml
auto	Iraq_RE_Auto	0197WakicIbnJarrah.yml
auto	Iraq_RE_Auto	0200AbuShis.yml
auto	Iraq_RE_Auto	0200SayfIbnCumar.yml
auto	Iraq_RE_Auto	0203IbnSulaymanGhazi.yml
auto	Iraq_RE_Auto	0203YahyaIbnAdam.yml
auto	Iraq_RE_Auto	0204AbuDawudTayalisi.yml
auto	Iraq_RE_Auto	0206AbuCamrShaybani.yml
auto	Iraq_RE_Auto	0206AbuMuhammadQutrub.yml
auto	Iraq_RE_Auto	0207IbnBakkarQaysi.yml
auto	Iraq_RE_Auto	0209AbuCaliAshyabBaghdadi.yml
auto	Iraq_RE_Auto	0211AbuCatahiya.yml
auto	Iraq_RE_Auto	0212NasrIbnMuzahim.yml
auto	Iraq_RE_Auto	0213IbnJabalaShacir.yml
auto	Iraq_RE_Auto	0215IbnCabdAllahAnsari.yml
auto	Iraq_RE_Auto	0215IbnHazimBahili.yml
auto	Iraq_RE_Auto	0219IbnMuslimBasri.yml
auto	Iraq_RE_Auto	0220AbuJacfarIskafi.yml
auto	Iraq_RE_Auto	0222IbnBakkarDabi.yml
auto	Iraq_RE_Auto	0228AbuJahmBahili.yml
auto	Iraq_RE_Auto	0230CaliIbnJacd.yml
auto	Iraq_RE_Auto	0230YaclaIbnCibad.yml
auto	Iraq_RE_Auto	0231IbnMirdasSarraj.yml
auto	Iraq_RE_Auto	0231IbnSallamJumahi.yml
auto	Iraq_RE_Auto	0231IbnZiyadAcrabi.yml
auto	Iraq_RE_Auto	0235IbnAbiShayba.yml
auto	Iraq_RE_Auto	0235IbnYunusBaghdadi.yml
auto	Iraq_RE_Auto	0243HannadIbnSari.yml
auto	Iraq_RE_Auto	0245LuwaynMissisi.yml
auto	Iraq_RE_Auto	0246AhmadDawraqi.yml
auto	Iraq_RE_Auto	0246IbnCumarDuri.yml
auto	Iraq_RE_Auto	0247AhmadIbnCisa.yml
auto	Iraq_RE_Auto	0250ThabitIbnAbiThabit.yml
auto	Iraq_RE_Auto	0257AbuSacidAshajj.yml
auto	Iraq_RE_Auto	0257IbnCarafaCabdi.yml
auto	Iraq_RE_Auto	0260AbuCaliZacfarani.yml
auto	Iraq_RE_Auto	0261AbuHasanCijli.yml
auto	Iraq_RE_Auto	0262IbnMatarWasiti.yml
auto	Iraq_RE_Auto	0262YacqubIbnShayba.yml
auto	Iraq_RE_Auto	0265SacdanIbnNasr.yml
auto	Iraq_RE_Auto	0267HammadIbnIshaq.yml
auto	Iraq_RE_Auto	0267IbnCabdAllahTarqufi.yml
auto	Iraq_RE_Auto	0270IbnCaffanKufi.yml
auto	Iraq_RE_Auto	0271IbnSinanQazzaz.yml
auto	Iraq_RE_Auto	0273AbuBakrAthram.yml
auto	Iraq_RE_Auto	0273HanbalIbnIshaqShaybani.yml
auto	Iraq_RE_Auto	0275IbnMulacibMakhzumi.yml
auto	Iraq_RE_Auto	0275IstifanIbnBasil.yml
auto	Iraq_RE_Auto	0275ThayadurusIbnBasil.yml
auto	Iraq_RE_Auto	0275Ustath.yml
auto	Iraq_RE_Auto	0276IbnHazimGhifari.yml
auto	Iraq_RE_Auto	0280AbuCabbasBirti.yml
auto	Iraq_RE_Auto	0282IbnAbiUsamaTamimi.yml
auto	Iraq_RE_Auto	0282IbnIshaqJahdami.yml
auto	Iraq_RE_Auto	0283AbuIshaqThaqafi.yml
auto	Iraq_RE_Auto	0283BaghandiKabir.yml
auto	Iraq_RE_Auto	0285IbrahimHarbi.yml
auto	Iraq_RE_Auto	0286IbnHakamHibari.yml
auto	Iraq_RE_Auto	0290IbnMansurMuradi.yml
auto	Iraq_RE_Auto	0290MufaddalIbnSalama.yml
auto	Iraq_RE_Auto	0292Bahshal.yml
auto	Iraq_RE_Auto	0297IbnDawudZahiri.yml
auto	Iraq_RE_Auto	0300CisaIbnYahya.yml
auto	Iraq_RE_Auto	0300IbnSacidKufi.yml
auto	Iraq_RE_Auto	0300IbnShahdaKarkhi.yml
auto	Iraq_RE_Auto	0300IbnSulaymanKufi.yml
auto	Iraq_RE_Auto	0302AbuMuhammadAshyabBaghdadi.yml
auto	Iraq_RE_Auto	0304YamutIbnMuzarrac.yml
auto	Iraq_RE_Auto	0305IbnZakariyaMutarriz.yml
auto	Iraq_RE_Auto	0306Wakic.yml
auto	Iraq_RE_Auto	0307IbnHarunRuyani.yml
auto	Iraq_RE_Auto	0310IbnCaliMadaini.yml
auto	Iraq_RE_Auto	0312BaghandiSaghir.yml
auto	Iraq_RE_Auto	0318IbnMuhammadHashimi.yml
auto	Iraq_RE_Auto	0322IbnAbiCawn.yml
auto	Iraq_RE_Auto	0322IbnCabdAllahDhuhali.yml
auto	Iraq_RE_Auto	0322KatibBaghdadi.yml
auto	Iraq_RE_Auto	0323CaliHimyari.yml
auto	Iraq_RE_Auto	0323Niftawayh.yml
auto	Iraq_RE_Auto	0324IbnMuhammadCanbari.yml
auto	Iraq_RE_Auto	0325IbnCabdAllahWarraq.yml
auto	Iraq_RE_Auto	0330IbnIsmacilMahamili.yml
auto	Iraq_RE_Auto	0330IbnMuhammadSulami.yml
auto	Iraq_RE_Auto	0333IbnCuqdahKufi.yml
auto	Iraq_RE_Auto	0344IbnSammak.yml
auto	Iraq_RE_Auto	0345IbnCabbasBazzaz.yml
auto	Iraq_RE_Auto	0345IbnCabdWahidGhulamThaclab.yml
auto	Iraq_RE_Auto	0346IbnCaliTasti.yml
auto	Iraq_RE_Auto	0348IbnMuhammadKhuldi.yml
auto	Iraq_RE_Auto	0351IbnQanic.yml
auto	Iraq_RE_Auto	0352IbnAhmadKufi.yml
auto	Iraq_RE_Auto	0352IbnDuhaymShaybani.yml
auto	Iraq_RE_Auto	0352IbnIbrahimKufi.yml
auto	Iraq_RE_Auto	0354IbnCabdAllahBazzaz.yml
auto	Iraq_RE_Auto	0359AbuBakrNasibi.yml
auto	Iraq_RE_Auto	0359AbuCaliSawwaf.yml
auto	Iraq_RE_Auto	0361IbnIbrahimTustari.yml
auto	Iraq_RE_Auto	0369IbnMasiBaghdadi.yml
auto	Iraq_RE_Auto	0372AbuBakrDaqqaq.yml
auto	Iraq_RE_Auto	0375IbnHamzaBasri.yml
auto	Iraq_RE_Auto	0378IbnIsmacilWarraq.yml
auto	Iraq_RE_Auto	0381IbnYusufCallaf.yml
auto	Iraq_RE_Auto	0383IbnHayawayhKhazzaz.yml
auto	Iraq_RE_Auto	0384IbnCaliTanukhi.yml
auto	Iraq_RE_Auto	0388IbnBukayrSayrafi.yml
auto	Iraq_RE_Auto	0388IbnHasanHatimi.yml
auto	Iraq_RE_Auto	0390AbuFarajCukbari.yml
auto	Iraq_RE_Auto	0390IbnAkhiMimiDaqqaq.yml
auto	Iraq_RE_Auto	0390IbnZakariyaNahrawani.yml
auto	Iraq_RE_Auto	0400ZaydIbnRifaca.yml
auto	Iraq_RE_Auto	0401IbnAyyashJawhari.yml
auto	Iraq_RE_Auto	0401IbnSaburZayyat.yml
auto	Iraq_RE_Auto	0406IbnMuhammadSaqati.yml
auto	Iraq_RE_Auto	0408IbnCabdCazizTaymi.yml
auto	Iraq_RE_Auto	0410IbnSalamaBaghdadi.yml
auto	Iraq_RE_Auto	0412IbnAhmadBaghdadi.yml
auto	Iraq_RE_Auto	0413IbnTalhaNaccali.yml
auto	Iraq_RE_Auto	0414IbnHasanGhadairi.yml
auto	Iraq_RE_Auto	0423AbuQasimHurfi.yml
auto	Iraq_RE_Auto	0430CabdMalikIbnBishranUmawi.yml
auto	Iraq_RE_Auto	0436IbnCaliBasri.yml
auto	Iraq_RE_Auto	0440IbnMuhammadSawwaq.yml
auto	Iraq_RE_Auto	0443IbnCaliBasri.yml
auto	Iraq_RE_Auto	0445IbnCaliShajari.yml
auto	Iraq_RE_Auto	0457IbnAhmadSayrafi.yml
auto	Iraq_RE_Auto	0470IbnMuhammadKufi.yml
auto	Iraq_RE_Auto	0471IbnAhmadIbnBannaBaghdadi.yml
auto	Iraq_RE_Auto	0483IbnMuhammadIbnMaghaziliWasiti.yml
auto	Iraq_RE_Auto	0486IbnAhmadHakkari.yml
auto	Iraq_RE_Auto	0489IbnHasanBaqillaniBaghdadi.yml
auto	Iraq_RE_Auto	0497IbnIbnZahraTuraythithi.yml
auto	Iraq_RE_Auto	0500HusaynIbnCabdWahhab.yml
auto	Iraq_RE_Auto	0500IbnAhmadSarrajBaghdadi.yml
auto	Iraq_RE_Auto	0500IbnHusaynGhadairiWasiti.yml
auto	Iraq_RE_Auto	0500IbnMuhammadHulwani.yml
auto	Iraq_RE_Auto	0508IbnMukhtarBaghdadi.yml
auto	Iraq_RE_Auto	0510IbnCaliAbuGhanaimNursi.yml
auto	Iraq_RE_Auto	0540IbnAhmadAbuSacdIsbahani.yml
auto	Iraq_RE_Auto	0562IbnHamdun.yml
auto	Iraq_RE_Auto	0565IbnMuhammadAbuBakrBaghdadi.yml
auto	Iraq_RE_Auto	0567IbnKhashshabBaghdadi.yml
auto	Iraq_RE_Auto	0574ShuhdaBintAhmad.yml
auto	Iraq_RE_Auto	0577AbuBarakatAnbari.yml
auto	Iraq_RE_Auto	0580IbnCaliIbnAbiYacla.yml
auto	Iraq_RE_Auto	0595IbnCabdQadirBaghdadiJilani.yml
auto	Iraq_RE_Auto	0599IbnYahyaHanafiKufi.yml
auto	Iraq_RE_Auto	0607IbnTabarzad.yml
auto	Iraq_RE_Auto	0629IbnNuqta.yml
auto	Iraq_RE_Auto	0635AbuMunajjaIbnLatti.yml
auto	Iraq_RE_Auto	0643IbnNajjar.yml
auto	Iraq_RE_Auto	0659SadrDinBasri.yml
auto	Iraq_RE_Auto	0659SainDinNaccal.yml
auto	Iraq_RE_Auto	0723IbnFuwati.yml
auto	Iraq_RE_Auto	0732IbnMuhammadShihabDinBaghdadi.yml
auto	Iraq_RE_Auto	0739SafiDinHanbali.yml
auto	Iraq_RE_Auto	1030IbnGhanimBaghdadiHanafi.yml
auto	Iraq_RE_Auto	1085IbnCabdRidaBasri.yml
auto	Iraq_RE_Auto	1093CabdQadirBaghdadi.yml
auto	Iraq_RE_Auto	1174AbuBarakatSuwaydi.yml
auto	Iraq_RE_Auto	1242DiyaDinKhalidBaghdadi.yml
auto	Iraq_RE_Auto	1299IbnSibghatAllahFasihDinHaydari.yml
auto	Iraq_RE_Auto	1339IsmacilBashaBaghdadi.yml
auto	JaziratArab_RE_Auto	0130IbnBashirKhariji.yml
auto	JaziratArab_RE_Auto	0148AbuHamzaThumali.yml
auto	JaziratArab_RE_Auto	0157AbuMikhnafAzdi.yml
auto	JaziratArab_RE_Auto	0164MajishunMadani.yml
auto	JaziratArab_RE_Auto	0170AbuZaydQurashi.yml
auto	JaziratArab_RE_Auto	0180IbnJacfarAnsari.yml
auto	JaziratArab_RE_Auto	0182AbuYusufYacqub.yml
auto	JaziratArab_RE_Auto	0182MarwanIbnAbiHafsa.yml
auto	JaziratArab_RE_Auto	0184AbuIshaqZuhri.yml
auto	JaziratArab_RE_Auto	0219IbnZubayrHumaydi.yml
auto	JaziratArab_RE_Auto	0230AbuMushal.yml
auto	JaziratArab_RE_Auto	0234AbuHasanSacdi.yml
auto	JaziratArab_RE_Auto	0236AbuCabdAllahZubayri.yml
auto	JaziratArab_RE_Auto	0240IbnYahyaKinani.yml
auto	JaziratArab_RE_Auto	0243IbnYahyaCadani.yml
auto	JaziratArab_RE_Auto	0256ZubayrIbnBakkar.yml
auto	JaziratArab_RE_Auto	0272IbnIshaqFakihi.yml
auto	JaziratArab_RE_Auto	0275LawwabIbnSallam.yml
auto	JaziratArab_RE_Auto	0279IbnAbiKhaythama.yml
auto	JaziratArab_RE_Auto	0281IbnDizilHamdani.yml
auto	JaziratArab_RE_Auto	0300IbnZakariyaHajari.yml
auto	JaziratArab_RE_Auto	0322AbuJacfarCuqayli.yml
auto	JaziratArab_RE_Auto	0333IbnMuhammadMadini.yml
auto	JaziratArab_RE_Auto	0353IbnMuhammadMakki.yml
auto	JaziratArab_RE_Auto	0353IbnSacidTanukhi.yml
auto	JaziratArab_RE_Auto	0377IbnZaydAnsari.yml
auto	JaziratArab_RE_Auto	0378IbnAhmadDarimi.yml
auto	JaziratArab_RE_Auto	0380IbnIbrahimNucmani.yml
auto	JaziratArab_RE_Auto	0508MuhammadIbnIbrahimKindi.yml
auto	JaziratArab_RE_Auto	0749ZaynDinIbnWardi.yml
auto	JaziratArab_RE_Auto	0832TaqiFasi.yml
auto	JaziratArab_RE_Auto	0854IbnDiyaMakki.yml
auto	JaziratArab_RE_Auto	0855IbnAhmadShamsDinDimashqi.yml
auto	JaziratArab_RE_Auto	0871TaqiDinIbnFahd.yml
auto	JaziratArab_RE_Auto	0875IbnMuhammadShihabDinHijazi.yml
auto	JaziratArab_RE_Auto	0910IbnAbiJumhurAhsai.yml
auto	JaziratArab_RE_Auto	1061IbnMullaFarrukhRumi.yml
auto	JaziratArab_RE_Auto	1082IbnShadqamMadani.yml
auto	JaziratArab_RE_Auto	1111CabdMalikCasimi.yml
auto	JaziratArab_RE_Auto	1119IbnMacsum.yml
auto	JaziratArab_RE_Auto	1150IbnCaqila.yml
auto	JaziratArab_RE_Auto	1195CabdRahmanAnsari.yml
auto	JaziratArab_RE_Auto	1225IbnGhannamMalikiNajdi.yml
auto	JaziratArab_RE_Auto	1346CabbasIbnMuhammadMadani.yml
auto	JaziratArab_RE_Auto	1418SalihAhmadArkani.yml
auto	Jibal_RE_Auto	0258AhmadIbnFurat.yml
auto	Jibal_RE_Auto	0262IbnCasimIsbahani.yml
auto	Jibal_RE_Auto	0272IbnCassamIsbahani.yml
auto	Jibal_RE_Auto	0282AbuHanifaDinawari.yml
auto	Jibal_RE_Auto	0290IbnHasanSaffar.yml
auto	Jibal_RE_Auto	0292SacidBardhaci.yml
auto	Jibal_RE_Auto	0294IbnDurays.yml
auto	Jibal_RE_Auto	0300IbnCisaAshcari.yml
auto	Jibal_RE_Auto	0300IbnJacfarHimyari.yml
auto	Jibal_RE_Auto	0333IbnMarwanDinawari.yml
auto	Jibal_RE_Auto	0360IbnCaliQassab.yml
auto	Jibal_RE_Auto	0364IbnSunniDinawari.yml
auto	Jibal_RE_Auto	0370IbnCaliJassas.yml
auto	Jibal_RE_Auto	0380IbnCabdRahmanIsbahani.yml
auto	Jibal_RE_Auto	0398IbnCaliHamadhani.yml
auto	Jibal_RE_Auto	0400IbnMuhammadKhazzaz.yml
auto	Jibal_RE_Auto	0410IbnMardawayh.yml
auto	Jibal_RE_Auto	0412IbnAhmadQummi.yml
auto	Jibal_RE_Auto	0414IbnMuhammadDinawari.yml
auto	Jibal_RE_Auto	0418HibatAllahLalikai.yml
auto	Jibal_RE_Auto	0420IbnCabdAllahKhatibIskafi.yml
auto	Jibal_RE_Auto	0446AbuYaclaKhalili.yml
auto	Jibal_RE_Auto	0447IbnAyyubRazi.yml
auto	Jibal_RE_Auto	0468IbnMuhammadMihrawani.yml
auto	Jibal_RE_Auto	0470IbnMandaCabdRahman.yml
auto	Jibal_RE_Auto	0498IbnMuhammadAbuBakrIsbahani.yml
auto	Jibal_RE_Auto	0509IbnShahridarDaylami.yml
auto	Jibal_RE_Auto	0525IbnAhmadIbnHattabRazi.yml
auto	Jibal_RE_Auto	0543IbnIbrahimHamadhaniJurqani.yml
auto	Jibal_RE_Auto	0555IbnMuhammadHamadhaniTai.yml
auto	Jibal_RE_Auto	0569IbnAhmadCattarHamadhani.yml
auto	Jibal_RE_Auto	0623AbuQasimRafici.yml
auto	Jibal_RE_Auto	0630IbnMuhammadBadrDinRazi.yml
auto	Jibal_RE_Auto	0660ShadhanIbnJibrailQummi.yml
auto	Jibal_RE_Auto	0682ZakariyaQazwini.yml
auto	Jibal_RE_Auto	0699IbnCabdRahmanQazwiniShafici.yml
auto	Jibal_RE_Auto	0700CaliIbnMuhammadSabzawariQummi.yml
auto	Jibal_RE_Auto	0700MuhammadIbnHasanQummi.yml
auto	Jibal_RE_Auto	0739JalalDinQazwini.yml
auto	Jibal_RE_Auto	0750AbuHafsQazwini.yml
auto	Jibal_RE_Auto	0800IbnAbiHasanDaylami.yml
auto	Jibal_RE_Auto	1200CabdNabiQazwini.yml
auto	Jibal_RE_Auto	1231MirzaAbuQasimQummi.yml
auto	Jibal_RE_Auto	1248MuhammadTaqiRaziNajafi.yml
auto	Jibal_RE_Auto	1298CaliMusawiQazwini.yml
auto	Jibal_RE_Auto	1359CabbasQummi.yml
auto	Jibal_RE_Auto	1450CabdAllahHusaynDaylami.yml
auto	Khurasan_RE_Auto	0168IbnTahman.yml
auto	Khurasan_RE_Auto	0227IbnMansurKhurasani.yml
auto	Khurasan_RE_Auto	0228IbnHammadKhuzaci.yml
auto	Khurasan_RE_Auto	0234AbuKhaythamaNisai.yml
auto	Khurasan_RE_Auto	0242IbnAslamTusi.yml
auto	Khurasan_RE_Auto	0246HusaynMarwazi.yml
auto	Khurasan_RE_Auto	0251IbnMansurKawsaj.yml
auto	Khurasan_RE_Auto	0251IbnZanjawayh.yml
auto	Khurasan_RE_Auto	0259IbnYacqubJuzjani.yml
auto	Khurasan_RE_Auto	0292IbnCaliMarwazi.yml
auto	Khurasan_RE_Auto	0307IbnJarudNaysaburi.yml
auto	Khurasan_RE_Auto	0312IbnCaliTusi.yml
auto	Khurasan_RE_Auto	0313IbnIshaqSarraj.yml
auto	Khurasan_RE_Auto	0317IbnCammarShahid.yml
auto	Khurasan_RE_Auto	0330IbnMuhammadKhashshab.yml
auto	Khurasan_RE_Auto	0362IbnMuhammadMuzakki.yml
auto	Khurasan_RE_Auto	0366IbnNajidNaysaburi.yml
auto	Khurasan_RE_Auto	0370AbuMansurAzhari.yml
auto	Khurasan_RE_Auto	0378HakimKabir.yml
auto	Khurasan_RE_Auto	0392IbnAbiShurayhHarawi.yml
auto	Khurasan_RE_Auto	0394IbnMuhammadAzhari.yml
auto	Khurasan_RE_Auto	0405AbuFadlHarawi.yml
auto	Khurasan_RE_Auto	0406IbnHabibNaysaburi.yml
auto	Khurasan_RE_Auto	0407IbnMuhammadKharkushi.yml
auto	Khurasan_RE_Auto	0412IbnMuhammadHarawi.yml
auto	Khurasan_RE_Auto	0419IbnMuhammadBushanji.yml
auto	Khurasan_RE_Auto	0420IbnMuhammadIbnFadala.yml
auto	Khurasan_RE_Auto	0429IbnIbrahimSarakhsiQarrab.yml
auto	Khurasan_RE_Auto	0433IbnCaliHarawi.yml
auto	Khurasan_RE_Auto	0451AbuCuthmanBuhayri.yml
auto	Khurasan_RE_Auto	0468IbnCabdRahmanNaysaburi.yml
auto	Khurasan_RE_Auto	0494IbnSacidIbnKarama.yml
auto	Khurasan_RE_Auto	0508FattalNaysaburi.yml
auto	Khurasan_RE_Auto	0518IbnMuhammadMaydaniNaysaburi.yml
auto	Khurasan_RE_Auto	0553BayanHaqqNaysaburi.yml
auto	Khurasan_RE_Auto	0560IbnHamzaTusi.yml
auto	Khurasan_RE_Auto	0570IbnMuhammadKarabisiNaysaburi.yml
auto	Khurasan_RE_Auto	0600IbnCumarShaficiNaysaburi.yml
auto	Khurasan_RE_Auto	0611CaliHarawi.yml
auto	Khurasan_RE_Auto	0617RadiDinTusi.yml
auto	Khurasan_RE_Auto	0632IsmacilMarwazi.yml
auto	Khurasan_RE_Auto	0730NizamDinNaysaburi.yml
auto	Khurasan_RE_Auto	1090NizamDinBalkhi.yml
auto	Khurasan_RE_Auto	1175MuhammadKarabisi.yml
auto	Khurasan_RE_Auto	1329MuhammadKazimAkhundKhurasani.yml
auto	Khurasan_RE_Auto	1450WahidKhurasani.yml
auto	Khuzistan_RE_Auto	0282IbnHarbCaskari.yml
auto	Kirman_RE_Auto	0280IbnIsmacilKirmani.yml
auto	Kirman_RE_Auto	0505IbnHamzaTajQurraKirmani.yml
auto	Kirman_RE_Auto	0563AbuCalaKirmani.yml
auto	Maghrib_RE_Auto	0280HudHawwari.yml
auto	Maghrib_RE_Auto	0283CamrusIbnFath.yml
auto	Maghrib_RE_Auto	0361IbnCumarDarraj.yml
auto	Maghrib_RE_Auto	0372AbuSacidQayruwani.yml
auto	Maghrib_RE_Auto	0412IbnJacfarQayruwani.yml
auto	Maghrib_RE_Auto	0413AbuIshaqHusri.yml
auto	Maghrib_RE_Auto	0450TabghurinMalshuti.yml
auto	Maghrib_RE_Auto	0464AbuBakrMaliki.yml
auto	Maghrib_RE_Auto	0465IbnCaliMaghribi.yml
auto	Maghrib_RE_Auto	0479IbnFaddalQayruwani.yml
auto	Maghrib_RE_Auto	0485IbnMuhammadHaddadMahdawi.yml
auto	Maghrib_RE_Auto	0628IbnQattanFasi.yml
auto	Maghrib_RE_Auto	0645TilimsaniBurri.yml
auto	Maghrib_RE_Auto	0703IbnCabdMalikMarrakushi.yml
auto	Maghrib_RE_Auto	0737IbnMuhammadIbnHajjFasi.yml
auto	Maghrib_RE_Auto	0776IbnAbiHajala.yml
auto	Maghrib_RE_Auto	0800CabdHaqqMaghribiSabti.yml
auto	Maghrib_RE_Auto	0825IbnQasimSabti.yml
auto	Maghrib_RE_Auto	0894IbnQasimRassacTunisi.yml
auto	Maghrib_RE_Auto	0899ZarruqShihabDinFasi.yml
auto	Maghrib_RE_Auto	0914IbnYahyaWansharisi.yml
auto	Maghrib_RE_Auto	0954HattabRucayniMaghribi.yml
auto	Maghrib_RE_Auto	1090IbnCabdWahidAndalusiFasi.yml
auto	Maghrib_RE_Auto	1120IbnQasimIbnZakurFasi.yml
auto	Maghrib_RE_Auto	1132IbnAhmadAbuMadyanFasi.yml
auto	Maghrib_RE_Auto	1224IbnCajiba.yml
auto	Maghrib_RE_Auto	1376MuhammadHajwiThacalibi.yml
auto	Mawarannahr_RE_Auto	0255CabdAllahDarimi.yml
auto	Mawarannahr_RE_Auto	0373AbuLaythSamarqandi.yml
auto	Mawarannahr_RE_Auto	0432IbnMuhammadNasafi.yml
auto	Mawarannahr_RE_Auto	0482IbnMuhammadBazdawi.yml
auto	Mawarannahr_RE_Auto	0540IbnAhmadCalaDinSamarqandi.yml
auto	Mawarannahr_RE_Auto	0564IbnCabdWahidSamarqandi.yml
auto	Mawarannahr_RE_Auto	0586IbnMuhammadAbuNasrCattabi.yml
auto	Mawarannahr_RE_Auto	0730IbnAhmadCalaDinBukhari.yml
auto	Mawarannahr_RE_Auto	0747IbnMascudMahbubiBukhari.yml
auto	Mawarannahr_RE_Auto	0972IbnMahmudAmirBadishahBukhari.yml
auto	Mawarannahr_RE_Auto	1052CabdHaqqDihlawi.yml
auto	Mawarannahr_RE_Auto	1200IbnAhmadSafiDinBukhari.yml
auto	Misr_RE_Auto	0175LaythIbnSacd.yml
auto	Misr_RE_Auto	0191IbnQasimMisri.yml
auto	Misr_RE_Auto	0207IbnZiyadFarra.yml
auto	Misr_RE_Auto	0214IbnCabdHakamMisri.yml
auto	Misr_RE_Auto	0223IbnSalihKatibLayth.yml
auto	Misr_RE_Auto	0257IbnCabdHakam.yml
auto	Misr_RE_Auto	0322AbuBakrZubayri.yml
auto	Misr_RE_Auto	0347IbnYunusSadafi.yml
auto	Misr_RE_Auto	0357IbnMuhammadKinani.yml
auto	Misr_RE_Auto	0366IbnCabdAllahNaysaburi.yml
auto	Misr_RE_Auto	0370IbnRashiqMisri.yml
auto	Misr_RE_Auto	0380Muhallabi.yml
auto	Misr_RE_Auto	0381AbuQasimJawhari.yml
auto	Misr_RE_Auto	0400IbnHusaynBazyar.yml
auto	Misr_RE_Auto	0416IbnNahhasMisri.yml
auto	Misr_RE_Auto	0431IbnFadlMisri.yml
auto	Misr_RE_Auto	0433IbnAhmadCamidi.yml
auto	Misr_RE_Auto	0482AbuIshaqHabbal.yml
auto	Misr_RE_Auto	0482IbnSacidNucmani.yml
auto	Misr_RE_Auto	0543IbnHusaynBaquliIsbahani.yml
auto	Misr_RE_Auto	0613CaliIbnZafir.yml
auto	Misr_RE_Auto	0615MuwaffaqDinShafici.yml
auto	Misr_RE_Auto	0643CaliSakhawi.yml
auto	Misr_RE_Auto	0654IbnCabdWahidIbnAbiIsbac.yml
auto	Misr_RE_Auto	0730ShaficIbnCali.yml
auto	Misr_RE_Auto	0749BadrDinMisriMuradi.yml
auto	Misr_RE_Auto	0767CizzDinIbnJamaca.yml
auto	Misr_RE_Auto	0767KhalilIbnIshaq.yml
auto	Misr_RE_Auto	0768IbnNubataShacir.yml
auto	Misr_RE_Auto	0772ShamsDinHanbaliZarqashi.yml
auto	Misr_RE_Auto	0778BadrDinBacli.yml
auto	Misr_RE_Auto	0801IbnCuthmanIbnQasihBaghdadiCudhri.yml
auto	Misr_RE_Auto	0805SirajDinBulqini.yml
auto	Misr_RE_Auto	0816AbuBakrMaraghi.yml
auto	Misr_RE_Auto	0826IbnCiraqi.yml
auto	Misr_RE_Auto	0838ShihabDinDalji.yml
auto	Misr_RE_Auto	0844ShamsDinMisri.yml
auto	Misr_RE_Auto	0905IbnCabdAllahWaqqadAzhari.yml
auto	Misr_RE_Auto	0923AhmadQastallani.yml
auto	Misr_RE_Auto	0938IbnQasimSirajDinNashshar.yml
auto	Misr_RE_Auto	0970IbnIbrahimIbnNujaymMisri.yml
auto	Misr_RE_Auto	0973CabdWahhabShacrani.yml
auto	Misr_RE_Auto	1069IbnCammarShurunbulali.yml
auto	Misr_RE_Auto	1069ShihabDinKhafaji.yml
auto	Misr_RE_Auto	1086IbnCajamiMisri.yml
auto	Misr_RE_Auto	1094IbnMusaKaffawi.yml
auto	Misr_RE_Auto	1100IbnCabdKarimAshmuniMisri.yml
auto	Misr_RE_Auto	1122MuhammadZurqani.yml
auto	Misr_RE_Auto	1170IbnMuhammadMahalliMisri.yml
auto	Misr_RE_Auto	1221IbnMuhammadBujayrimiMisri.yml
auto	Misr_RE_Auto	1291IbnShaykhNasrAzhariHurini.yml
auto	Misr_RE_Auto	1368CaliJarim.yml
auto	Misr_RE_Auto	1409IbnSayyidCajamiMisri.yml
auto	Misr_RE_Auto	1450DarIftaMisriyya.yml
auto	Misr_RE_Auto	1450WizaraAwqafMisriyya.yml
auto	Rihab_RE_Auto	0502IbnCaliTabriziShaybani.yml
auto	Rihab_RE_Auto	0636IbnAbiMucammarAbuKhayrTabrizi.yml
auto	Rihab_RE_Auto	0741KhatibTabrizi.yml
auto	Rihab_RE_Auto	1310MuhammadCaliAnsariTabrizi.yml
auto	Rihab_RE_Auto	1330IbnMusaTabrizi.yml
auto	Sham_RE_Auto	0212IbnMusaQurashi.yml
auto	Sham_RE_Auto	0218CabdAclaGhassani.yml
auto	Sham_RE_Auto	0222IbnNaficHimsi.yml
auto	Sham_RE_Auto	0246HishamSulami.yml
auto	Sham_RE_Auto	0265IbnHarbMawsili.yml
auto	Sham_RE_Auto	0281AbuZurcaDimashqi.yml
auto	Sham_RE_Auto	0347IbnHazlam.yml
auto	Sham_RE_Auto	0353IbnHarunDimashqi.yml
auto	Sham_RE_Auto	0360Khawlani.yml
auto	Sham_RE_Auto	0370IbnQasimKhayyat.yml
auto	Sham_RE_Auto	0375IbnQasimMiyaniji.yml
auto	Sham_RE_Auto	0386IbnHasnunMuqri.yml
auto	Sham_RE_Auto	0402MuhammadSaydawi.yml
auto	Sham_RE_Auto	0437IbnJamic.yml
auto	Sham_RE_Auto	0447AbuSalahHalabi.yml
auto	Sham_RE_Auto	0459IbnMuhammadDimashqi.yml
auto	Sham_RE_Auto	0466CabdCazizKattani.yml
auto	Sham_RE_Auto	0490IbnIbrahimNabulusi.yml
auto	Sham_RE_Auto	0521MuhammadHamadhani.yml
auto	Sham_RE_Auto	0524IbnAkfani.yml
auto	Sham_RE_Auto	0585IbnCaliIbnZuhraHalabi.yml
auto	Sham_RE_Auto	0587AbuMacaliFurawi.yml
auto	Sham_RE_Auto	0600IbnHasabAbuMajdHalabi.yml
auto	Sham_RE_Auto	0611SharafDinMuqaddasi.yml
auto	Sham_RE_Auto	0620IbnMuhammadIbnCasakir.yml
auto	Sham_RE_Auto	0623IbnCabWahidBukhariMaqdisi.yml
auto	Sham_RE_Auto	0624IbnIbrahimBahaDinMaqdisi.yml
auto	Sham_RE_Auto	0648IbnKhalilHalabi.yml
auto	Sham_RE_Auto	0650IbnNazifHamawi.yml
auto	Sham_RE_Auto	0650RashidDinDimashqi.yml
auto	Sham_RE_Auto	0656IbnMuhammadSadrDinNaysaburi.yml
auto	Sham_RE_Auto	0668IbnCabdDaimZaynDinMuqaddasi.yml
auto	Sham_RE_Auto	0671AbuMuzaffarNabulusi.yml
auto	Sham_RE_Auto	0676IbnIbrahimShamsDinMaqdisi.yml
auto	Sham_RE_Auto	0678IbnAhmadCizzDinMaqdisi.yml
auto	Sham_RE_Auto	0684IbnBalabanDimashqiMuqaddasi.yml
auto	Sham_RE_Auto	0684IbnShaddad.yml
auto	Sham_RE_Auto	0688IbnCabdRahimIbnKamalDinHanbali.yml
auto	Sham_RE_Auto	0689AhmadIbnCabdRahmanIbnQudama.yml
auto	Sham_RE_Auto	0690IbnMujawirDimashqi.yml
auto	Sham_RE_Auto	0701IbnNasrAllahJazari.yml
auto	Sham_RE_Auto	0718IbnAhmadNabulusi.yml
auto	Sham_RE_Auto	0720IbnCumarKurdi.yml
auto	Sham_RE_Auto	0739Birzali.yml
auto	Sham_RE_Auto	0756IbnYusufSaminHalabi.yml
auto	Sham_RE_Auto	0758NajmDinTarsusi.yml
auto	Sham_RE_Auto	0763IbnMuflihMaqdisi.yml
auto	Sham_RE_Auto	0765AbuMahasinHusayni.yml
auto	Sham_RE_Auto	0778AbuHafsMaraghi.yml
auto	Sham_RE_Auto	0779IbnHabibHalabi.yml
auto	Sham_RE_Auto	0791IbnCumarHalabiHamawi.yml
auto	Sham_RE_Auto	0792SadrDinIbnAbiCizzAdhraci.yml
auto	Sham_RE_Auto	0803IbnLahhamCalaDinBacli.yml
auto	Sham_RE_Auto	0815Ghuzuli.yml
auto	Sham_RE_Auto	0829TaqiDinDimashqiHisni.yml
auto	Sham_RE_Auto	0835ShihabDinIbnJazari.yml
auto	Sham_RE_Auto	0837IbnHijjaHamawi.yml
auto	Sham_RE_Auto	0841BurhanDinSibtIbnCajami.yml
auto	Sham_RE_Auto	0844IbnRassamHamawi.yml
auto	Sham_RE_Auto	0852SirajDinIbnWardi.yml
auto	Sham_RE_Auto	0855IbnFaramurzMullaKhusraw.yml
auto	Sham_RE_Auto	0871IbnAhmadShamsDinBacuni.yml
auto	Sham_RE_Auto	0880IbnCadilHanbali.yml
auto	Sham_RE_Auto	0885CalaDinMardawi.yml
auto	Sham_RE_Auto	0894IbnMuhammadDimashqiHaydari.yml
auto	Sham_RE_Auto	0895SibtMaridini.yml
auto	Sham_RE_Auto	0900IbnMuhammadBurhanDinQabibati.yml
auto	Sham_RE_Auto	0927Nucaymi.yml
auto	Sham_RE_Auto	0942IbnYusufShami.yml
auto	Sham_RE_Auto	0956IbnMuhammadHalabiHanafi.yml
auto	Sham_RE_Auto	0968IbnAhmadAbuNajaHajjawi.yml
auto	Sham_RE_Auto	0971IbnIbrahimIbnHanbaliHalabi.yml
auto	Sham_RE_Auto	0981IbnMusaMuwaqqitDimashqi.yml
auto	Sham_RE_Auto	0984BadrDinGhazzi.yml
auto	Sham_RE_Auto	1004ShamsDinRamli.yml
auto	Sham_RE_Auto	1044IbnBurhanDinHalabi.yml
auto	Sham_RE_Auto	1051Cimadi.yml
auto	Sham_RE_Auto	1061NajmDinGhazzi.yml
auto	Sham_RE_Auto	1071IbnFaqihFussaBacliDimashqi.yml
auto	Sham_RE_Auto	1073YusufBadiciDimashqi.yml
auto	Sham_RE_Auto	1098IbnMuhammadShihabDinHamawi.yml
auto	Sham_RE_Auto	1126MuhammadHanbali.yml
auto	Sham_RE_Auto	1228IbnSulaymanHalabiRihawi.yml
auto	Sham_RE_Auto	1243IbnSacdRahyabaniSuyuti.yml
auto	Sham_RE_Auto	1252IbnCabidinDimashqi.yml
auto	Sham_RE_Auto	1298IbnTalibDimashqiMaydani.yml
auto	Sham_RE_Auto	1318AhmadDimashqi.yml
auto	Sham_RE_Auto	1330IbnMuhammadJazairiDimashqi.yml
auto	Sham_RE_Auto	1338TahirJazairiDimashqi.yml
auto	Sham_RE_Auto	1351IbnHusaynGhazzi.yml
auto	Sham_RE_Auto	1396KhayrDinZirikli.yml
auto	Sijistan_RE_Auto	0280CuthmanIbnSacidDarimi.yml
auto	Sijistan_RE_Auto	0316IbnAbiDawudSijistani.yml
auto	Sijistan_RE_Auto	0363IbnHusaynSijistani.yml
auto	Sijistan_RE_Auto	0444IbnSacidSijzi.yml
auto	Sind_RE_Auto	0249CabdIbnHamid.yml
auto	Sind_RE_Auto	1034AhmadSirhindi.yml
auto	Yaman_RE_Auto	0284MuhammadIbnQasimRassi.yml
auto	Yaman_RE_Auto	0285IbnIbrahimSancani.yml
auto	Yaman_RE_Auto	0400IbnHusaynYamani.yml
auto	Yaman_RE_Auto	0404MahdiHusaynIbnQasim.yml
auto	Yaman_RE_Auto	0470IbnMalikYamani.yml
auto	Yaman_RE_Auto	0558IbnAbiKhayrCimraniYamani.yml
auto	Yaman_RE_Auto	0573NashwanHimyari.yml
auto	Yaman_RE_Auto	0613AbuYumnKindi.yml
auto	Yaman_RE_Auto	0745MuayyadYahyaIbnHamzaCalawi.yml
auto	Yaman_RE_Auto	0800IbnCaliYamaniZabidi.yml
auto	Yaman_RE_Auto	0840IbnWazirYamani.yml
auto	Yaman_RE_Auto	0904Burayhi.yml
auto	Yaman_RE_Auto	0923IbnCabdAllahKhazraji.yml
auto	Yaman_RE_Auto	1129CaliAmirSancani.yml
auto	Yaman_RE_Auto	1147CabdAllahSancani.yml
auto	Yaman_RE_Auto	1276IbnAhmadRibaciSancani.yml
auto	Yaman_RE_Auto	1381MuhammadSancani.yml